Altitude_ft,Density_slug_ft3,Motor,Prop,Voltage_V,Thrust_g,RPM,InputPower_W,Reason,Feasible,Meets_30ft,S_TO_ft,T_TO_s,V_pitch_mph,V_stall_mph,V_max_mph,V_cruise_mph,n_turn,V_turn_mph,R_turn_ft,Lap_time_s,First_lap_s,N_laps_5min,Mission_energy_Wh,MotorProp_lb,Battery_lb,Total_lb
0,0.0023768499253347276,V505 KV260,P16*5.8,47.16,7500.0,10606,1990.36,OK,True,False,66.15860691330104,2.8209040760705775,58.25263598111111,26.651681575273543,44.31817,39.886353,1.2,36.2045358,132.11667841811837,65.45408212287757,73.27498619894814,4,41.30468072779761,,0.7114150408290403,29.49405514082904
0,0.0023768499253347276,V505 KV261,P17*5.8,46.93,8741.0,10075,2483.87,OK,True,False,55.95170202561115,2.387129885818997,55.33615948611112,26.638084504946743,43.636352,39.272716800000005,1.3,36.44243487609203,106.8927487279649,59.853767035844086,67.24089692166308,4,39.557850733037135,,0.6813283506489712,29.463968450648974
0,0.0023768499253347276,V602 KV180,V22*7.4,46.81,9749.0,5700,1989.62,OK,True,False,48.21948982324482,2.073355061284664,39.94317116666667,26.427878555424574,30.681810000000002,27.613629000000003,1.0,30.681810000000002,62939.0190837322,17625.272491836127,17632.345846897413,0,1.1458857491758867,,0.01973627062771987,29.000792170627722
0,0.0023768499253347276,V605 KV210,V22*7.4,46.6,12761.0,7036,3182.62,OK,True,False,38.2629513294951,1.6242233814358862,49.305289882222226,26.773359908426354,42.272716,38.04544440000001,1.3,36.62712592023783,107.97896375283143,61.10120593034547,67.72542931178135,4,40.33650678382191,,0.6947396061386676,29.76398030613867
0,0.0023768499253347276,V804 KV170,G26*8.5,46.0,16015.5,5928,4147.46,OK,True,False,31.751101904963384,1.3312360625979693,47.71589636666667,27.108820056094167,41.590898,37.4318082,1.3,37.08291469773504,110.68306999405092,62.003106987449144,68.33434305004711,4,42.31252810753812,,0.7287737946596927,30.514515994659693
0,0.0023768499253347276,V804 KV170,G27*8.8,45.68,17271.5,5546,4837.44,OK,True,True,29.378414763047257,1.231547648416372,46.21665434222223,27.111909856703733,40.90908,36.818172000000004,1.3,37.08918351473131,110.7204948061727,62.614594650033496,68.84614229844986,4,42.71641271045603,,0.7357301389822309,30.52147233898223
0,0.0023768499253347276,V804 KV170,G28*9.2,45.53,17357.91,5380,5177.43,OK,True,True,29.221951657555607,1.2250393602524123,46.87119962222222,27.11070031696132,41.590898,37.4318082,1.3,37.08764945873168,110.7113359134386,62.00637218799278,68.23141154824519,4,42.558301725003176,,0.7330068996013789,30.51874909960138
0,0.0023768499253347276,V807 KV170,G27*8.8,45.52,19849.0,5785,5308.27,OK,True,True,26.04847064460196,1.0856573796077107,48.20832047777778,27.273208058624242,43.636352,39.272716800000005,1.4,38.71256230083865,102.26481469041661,57.355770548495606,63.441427928103316,5,52.344499472253354,,0.9015603939571809,30.88571839395718
0,0.0023768499253347276,V807 KV170,G28*9.2,45.34,20721.0,5649,5647.55,OK,True,True,24.918175244871662,1.0385554809962534,49.21475960333333,27.272958523134417,44.31817,39.886353,1.5,40.071040658856624,96.02056429040772,54.719121928460076,60.75767740945633,5,52.31168555802151,,0.9009952204291044,30.885153220429107
0,0.0023768499253347276,V807 KV170,G29*9.5,44.71,20997.0,5200,6782.02,OK,True,True,24.604190204596495,1.025228628021036,46.78029055555556,27.27996982284877,42.272716,38.04544440000001,1.4,38.72138000720708,102.31140648133145,58.48099756177662,64.50622618979766,5,53.23378568825186,,0.9168770984690139,30.901035098469016
0,0.0023768499253347276,V10 KV160,G29*9.5,45.23,25171.0,5539,6084.92,OK,True,True,20.60306255615121,0.856640022465866,49.83000565138889,27.338793303180058,45.681806,41.113625400000004,1.6,41.4850740544522,92.12541512966098,52.19430292962338,58.05094295208925,5,52.65936776252769,,0.9069835574736232,31.034441857473624
0,0.0023768499253347276,V10 KV160,G30*10.5,44.82,27976.0,5318,6988.97,OK,True,True,18.545866229631837,0.7705386188492356,52.87782680833333,27.347690252132413,49.090896,44.1818064,1.8,44.03392753895473,86.61814034019513,47.718072135204594,53.48861075405383,5,53.83232608199866,,0.927186115053874,31.054644415053875
0,0.0023768499253347276,V10L KV170,G29*9.5,44.53,28869.0,5888,7673.5,OK,True,True,18.031002093810553,0.7484131024401172,52.96968284444444,27.381662195970446,49.090896,44.1818064,1.8,44.077118215524045,86.78814247357974,47.73460325762905,53.483016360069165,4,43.59463918440408,,0.750856354990007,31.131845954990006
0,0.0023768499253347276,V10L KV170,G30*10.5,44.08,31798.0,5651,8650.57,OK,True,True,16.380135265811987,0.6794488537234763,56.18890547083333,27.393939700571586,52.499986,47.2499874,2.0,46.49156540387733,83.43451181467738,44.23625955309021,49.915708406813685,4,45.21592187822957,,0.7787806694623629,31.159770269462364
0,0.0023768499253347276,VL5009 KV170,DZ17*6.2,45.6,8624.0,9665,2357.0,OK,True,False,56.973063683898665,2.428571850911728,56.74525001944445,26.66136236120013,44.999988,40.4999892,1.3,36.47444995191086,107.08064411297997,58.823656819403084,66.2522286703148,4,39.34892479598832,,0.6777298951854043,29.515485495185406
0,0.0023768499253347276,VL6011 KV180,P22*6.6,43.7,9992.0,7011,2364.0,OK,True,False,46.65514995677704,2.00941972614008,43.818738315000004,26.652352687119517,35.454536000000004,31.909082400000006,1.1,33.20654786929141,160.87769242703916,84.24482217000964,91.25424189614972,3,35.630922260647694,,0.6136925299552274,29.49554052995523
0,0.0023768499253347276,VL6013 KV210,P22*6.6,44.56,12517.0,7195,3447.0,OK,True,False,39.207778140602265,1.6626502818011597,44.96873800833333,26.801881295251587,38.181808000000004,34.3636272,1.2,35.22576251629138,125.06980857965794,70.10332412402326,76.76597440582442,4,43.63630859185964,,0.7515740519358249,29.827428611935826
0,0.0023768499253347276,VL7015 KV190,P24*7.2,43.32,13839.0,6584,3266.0,OK,True,False,36.136892026377375,1.52361818084828,44.890897120000005,26.957001336695434,38.181808000000004,34.3636272,1.2,35.429394722092724,126.51998891703478,70.27917983290001,76.80279801374829,4,44.28417679261149,,0.7627326706291182,30.17368947062912
0,0.0023768499253347276,VL8015 KV170,G26*8.5,43.77,14233.0,5278,3684.0,OK,True,False,35.22719601990844,1.4838728996969117,42.48389018611111,26.979994772243863,36.136354000000004,32.522718600000005,1.1,33.952845198986516,168.19021164877216,84.37140810873552,90.85528100843243,3,38.31404540933849,,0.6599055530494986,30.225185753049498
0,0.0023768499253347276,VL8018 KV180,G26*8.5,42.48,16107.0,5657,4043.0,OK,True,False,31.323698412228346,1.315776455109639,45.534552251388895,27.067209433020523,40.227262,36.2045358,1.2,35.561494500324514,127.46521649490666,68.37550425606659,74.69128071117623,4,43.917861907753654,,0.7564234118677488,30.42091151186775
0,0.0023768499253347276,VL8020 KV170,VZ28*10.8,42.11,18321.0,4964,4616.0,OK,True,True,28.002107365897675,1.1700818860804367,50.768168280000005,27.202731512751154,45.681806,41.113625400000004,1.5,39.96856426003111,95.53007243235699,53.64607804681617,59.81615993289661,5,51.408766365370184,,0.8854437070658,30.7263014070658
0,0.0023768499253347276,VL8022 KV170,VZ29*11,42.33,20308.0,4916,5062.0,OK,True,True,25.379098626144266,1.0583976560552524,51.20831967777778,27.256429006597283,46.363624,41.727261600000006,1.6,41.360499358273465,91.57296273119414,51.64941042059577,57.70780807665102,5,52.05872294586537,,0.8966382951633881,30.847726995163388
0,0.0023768499253347276,VL1028 KV190,G29*9.5,43.31,24564.0,5638,7679.0,OK,True,True,21.37157128305206,0.8860547719060115,50.7206304138889,27.417359744371602,46.363624,41.727261600000006,1.6,41.60392781277849,92.65404558463864,51.76105699098612,57.64711176289213,5,53.4306270743188,,0.9202674145358178,31.213072214535817
0,0.0023768499253347276,VL1032 KV180,G30*10.5,43.32,29275.0,5519,8321.0,OK,True,True,17.86978172334092,0.7407519796293213,54.876405820833334,27.414475506757846,51.13635,46.022715000000005,1.9,45.34419387681807,85.09051162421777,45.70784256065183,51.44859454028115,3,33.84936351203605,,0.583007685827382,31.206505485827382
1300,0.002287742906737837,V505 KV260,P16*5.8,47.16,7500.0,10606,1990.36,OK,True,False,71.66827244210984,2.9978082715970156,58.25263598111111,27.170922845313193,43.636352,39.272716800000005,1.2,35.7118347652364,128.5452420614785,65.56277611798816,73.56058438958519,4,41.955411049908065,,0.7226229555378775,29.505263055537878
1300,0.002287742906737837,V505 KV261,P17*5.8,46.93,8741.0,10075,2483.87,OK,True,False,60.76165530396299,2.541293289953986,55.33615948611112,27.1718112087432,43.636352,39.272716800000005,1.2,35.71608830191921,128.57586521306612,65.56644945004113,73.10774273999512,4,42.06743195982167,,0.7245523581817346,29.507192458181738
1300,0.002287742906737837,V602 KV180,V22*7.4,46.81,9749.0,5700,1989.62,OK,True,False,52.181170762958914,2.2011937603259573,39.94317116666667,26.93820699570074,29.318174000000003,26.386356600000003,1.0,29.318174000000003,57468.76359793622,16846.41870564842,16853.619899408746,0,1.2165386470610362,,0.020953167438153918,29.002009067438156
1300,0.002287742906737837,V605 KV210,V22*7.4,46.6,12761.0,7036,3182.62,OK,True,False,41.44491494857479,1.7253416933522692,49.305289882222226,27.30082952161566,41.590898,37.4318082,1.3,37.347907084592755,112.27059174114179,62.18585185804373,68.911193551396,4,41.735282675802196,,0.7188315538494299,29.788072253849432
1300,0.002287742906737837,V804 KV170,G26*8.5,46.0,16015.5,5928,4147.46,OK,True,False,34.38102721841285,1.413660196242586,47.71589636666667,27.64155655943758,41.590898,37.4318082,1.3,37.81324533696637,115.0857036056633,62.506759864953345,68.92042006119593,4,43.5744061337179,,0.7505078691446653,30.536250069144668
1300,0.002287742906737837,V804 KV170,G27*8.8,45.68,17271.5,5546,4837.44,OK,True,False,31.800933017205285,1.3074243090921045,46.21665434222223,27.65619603935845,40.90908,36.818172000000004,1.2,36.33393104000167,133.06273770235177,68.41483002500807,74.72225433410017,4,45.452857989397366,,0.7828615607858219,30.568603760785823
1300,0.002287742906737837,V804 KV170,G28*9.2,45.53,17357.91,5380,5177.43,OK,True,False,31.630641298929064,1.3004838682172157,46.87119962222222,27.64351587068941,41.590898,37.4318082,1.3,37.815788646081806,115.10118539569966,62.50851378966301,68.80899765788023,4,43.82575576624099,,0.7548370131044547,30.540579213104458
1300,0.002287742906737837,V807 KV170,G27*8.8,45.52,19849.0,5785,5308.27,OK,True,True,28.204314031849055,1.1527388250730188,48.20832047777778,27.813014542198808,42.954534,38.6590806,1.4,39.47726861413643,106.34488221626029,58.35400739324838,64.5067462183214,5,54.11727581479089,,0.9320939734906583,30.91625197349066
1300,0.002287742906737837,V807 KV170,G28*9.2,45.34,20721.0,5649,5647.55,OK,True,True,26.970333349944518,1.1023991484557707,49.21475960333333,27.809073034215487,44.31817,39.886353,1.4,39.47388950798821,106.3266775491995,57.26669735845606,63.36909650691183,5,53.608558365712284,,0.9233320308141922,30.90749003081419
1300,0.002287742906737837,V807 KV170,G29*9.5,44.71,20997.0,5200,6782.02,OK,True,True,26.364932551709465,1.0800580379710996,46.78029055555556,27.7364616054286,42.272716,38.04544440000001,1.3,37.95331417410572,115.9398898281185,62.01577598162504,68.09583401959614,4,44.249738828243196,,0.7621395251212617,30.746297525121264
1300,0.002287742906737837,V10 KV160,G29*9.5,45.23,25171.0,5539,6084.92,OK,True,True,22.294057969066436,0.9090747378182357,49.83000565138889,27.87320270047268,45.681806,41.113625400000004,1.5,40.95751738706796,100.31601223786402,54.152785212103495,60.06185994992173,5,53.57451956959585,,0.9227457604181437,31.050204060418146
1300,0.002287742906737837,V10 KV160,G30*10.5,44.82,27976.0,5318,6988.97,OK,True,True,20.046766801128896,0.817030710609831,52.87782680833333,27.878723317739396,49.090896,44.1818064,1.7,43.62434065395233,92.55179958190149,49.04170442568196,54.858735136291784,5,54.288710702401424,,0.9350466983494391,31.06250499834944
1300,0.002287742906737837,V10L KV170,G29*9.5,44.53,28869.0,5888,7673.5,OK,True,True,19.50232608116216,0.7939356303194541,52.96968284444444,27.918361669895102,49.090896,44.1818064,1.8,44.940285960786234,90.2205918247855,48.06497853310931,53.858914163428764,4,44.700798075079064,,0.7699083863459437,31.150897986345942
1300,0.002287742906737837,V10L KV170,G30*10.5,44.08,31798.0,5651,8650.57,OK,True,True,17.69831438156524,0.7201978130650557,56.18890547083333,27.930362503715745,52.499986,47.2499874,2.0,47.390747945243795,86.6930967004098,44.53364765071858,50.253845463783634,4,46.256017304968175,,0.7966948505537417,31.17768445055374
1300,0.002287742906737837,VL5009 KV170,DZ17*6.2,45.6,8624.0,9665,2357.0,OK,True,False,61.75750252385365,2.5818459462709735,56.74525001944445,27.185106758571838,44.31817,39.886353,1.3,37.19028734129025,111.32495800708286,59.83531533505448,67.41716128132546,4,40.54441266384344,,0.6983204925543945,29.536076092554396
1300,0.002287742906737837,VL6011 KV180,P22*6.6,43.7,9992.0,7011,2364.0,OK,True,False,50.484864503544955,2.1331690492867166,43.818738315000004,26.893569663014993,34.772718000000005,31.2954462,1.0,32.27263151749533,69634.87114686632,18530.755270477686,18537.888439526974,0,1.4007810090316106,,0.02412648303227554,28.905974483032278
1300,0.002287742906737837,VL6013 KV210,P22*6.6,44.56,12517.0,7195,3447.0,OK,True,False,42.12535990628287,1.755382238981075,44.96873800833333,27.27285680037952,37.499990000000004,33.749991,1.1,34.32153675128306,171.8627753259472,83.30760948393197,90.06299172291304,3,37.80898587521827,,0.6512066128142476,29.72706117281425
1300,0.002287742906737837,VL7015 KV190,P24*7.2,43.32,13839.0,6584,3266.0,OK,True,False,38.80369118262767,1.607836689701101,44.890897120000005,27.427736670675095,38.181808000000004,34.3636272,1.1,34.516432767858774,173.82017442804602,82.82973814217453,89.43757483187564,3,38.01164778163848,,0.6546971791590297,30.06565397915903
1300,0.002287742906737837,VL8015 KV170,G26*8.5,43.77,14233.0,5278,3684.0,OK,True,False,38.145262498890816,1.575826738157117,42.48389018611111,27.510632787967488,36.136354000000004,32.522718600000005,1.1,34.619990418639645,174.86474423250039,85.20537167001567,91.78119840817278,3,39.619260631059184,,0.6823860497847319,30.247666249784732
1300,0.002287742906737837,VL8018 KV180,G26*8.5,42.48,16107.0,5657,4043.0,OK,True,False,33.978848457206254,1.3991232581719424,45.534552251388895,27.603099910774876,39.545444,35.59089960000001,1.2,36.277868443224456,132.6524277141079,69.64355386755267,76.04267712572461,4,45.68461350502664,,0.7868532236363422,30.451341323636342
1300,0.002287742906737837,VL8020 KV170,VZ28*10.8,42.11,18321.0,4964,4616.0,OK,True,False,30.316740579265893,1.2423215025259613,50.768168280000005,27.739666347801517,44.999988,40.4999892,1.5,40.75609753579421,99.33177519589019,54.552122098645555,60.794443601171515,5,52.9822789600112,,0.9125452487564052,30.753402948756406
1300,0.002287742906737837,VL8022 KV170,VZ29*11,42.33,20308.0,4916,5062.0,OK,True,True,27.452272120938392,1.1229451452014334,51.20831967777778,27.788771184409924,46.363624,41.727261600000006,1.5,40.82853913126802,99.68520193336981,53.59894368965292,59.721888834854354,5,52.90940757788833,,0.91129014167472,30.86237884167472
1300,0.002287742906737837,VL1028 KV190,G29*9.5,43.31,24564.0,5638,7679.0,OK,True,True,23.126584758230845,0.9403260920942421,50.7206304138889,27.953363427783547,46.363624,41.727261600000006,1.5,41.0749556512211,100.89211298567727,53.725199437161905,59.66552552925614,5,54.35863491381275,,0.936251044560077,31.229055844560076
1300,0.002287742906737837,VL1032 KV180,G30*10.5,43.32,29275.0,5519,8321.0,OK,True,True,19.322582195491716,0.785642281385094,54.876405820833334,27.949715805158803,51.13635,46.022715000000005,1.9,46.22911440244305,88.4441091218652,46.021619020691716,51.80726130207681,3,34.68546995981126,,0.5974084436156178,31.220906243615616
2600,0.002201214321064497,V505 KV260,P16*5.8,47.16,7500.0,10606,1990.36,OK,True,False,77.32247902149246,3.1760942115553767,58.25263598111111,27.66359655656591,42.954534,38.6590806,1.1,36.818172000000004,197.77564739483853,81.29785163741231,89.47394584896769,3,37.47881822024048,,0.64551993925552,29.428160039255523
2600,0.002201214321064497,V505 KV261,P17*5.8,46.93,8741.0,10075,2483.87,OK,True,False,65.91004977353411,2.7031584485383067,55.33615948611112,27.71231304906778,42.954534,38.6590806,1.2,36.422455187218695,133.71191683439324,66.7276105856383,74.4307690341766,4,43.50190245181923,,0.7492590951822631,29.531899195182266
2600,0.002201214321064497,V602 KV180,V22*7.4,46.81,9749.0,5700,1989.62,No T>=D (n=1),False,False,,,,,,,,,,,,0,,,,
2600,0.002201214321064497,V605 KV210,V22*7.4,46.6,12761.0,7036,3182.62,OK,True,False,44.99517702780746,1.8359924797099998,49.305289882222226,27.854421073830135,41.590898,37.4318082,1.2,36.60868658845321,135.08277549751176,68.04494293936109,74.8809354190711,4,44.49203293905924,,0.7663127004539748,29.835553400453975
2600,0.002201214321064497,V804 KV170,G26*8.5,46.0,16015.5,5928,4147.46,OK,True,False,37.31463490297619,1.503825103323632,47.71589636666667,28.202745424832475,41.590898,37.4318082,1.2,37.06559256992145,138.47570173629373,68.43952455745499,74.94334966077862,4,46.4870678545088,,0.8006743713547435,30.586416571354746
2600,0.002201214321064497,V804 KV170,G27*8.8,45.68,17271.5,5546,4837.44,OK,True,False,34.52451158579416,1.3910781433382196,46.21665434222223,28.209311006277197,40.227262,36.2045358,1.2,37.07362881932768,138.5357545149161,69.68137555249888,76.0724536958371,4,47.313994861688116,,0.8149170261873034,30.600659226187304
2600,0.002201214321064497,V804 KV170,G28*9.2,45.53,17357.91,5380,5177.43,OK,True,False,34.33748951496682,1.3836255791640555,46.87119962222222,28.20747342731723,40.90908,36.818172000000004,1.2,37.07140437285581,138.51913050830592,69.05170814169105,75.43533372085511,4,47.082534626447476,,0.8109304491262391,30.59667264912624
2600,0.002201214321064497,V807 KV170,G27*8.8,45.52,19849.0,5785,5308.27,OK,True,False,30.206340836407634,1.2139239707781029,48.20832047777778,28.281533671251708,42.954534,38.6590806,1.3,38.688043315533015,120.47224490477542,61.953536867729156,68.16746083850725,4,44.9030562630376,,0.7733919992079527,30.757549999207953
2600,0.002201214321064497,V807 KV170,G28*9.2,45.34,20721.0,5649,5647.55,OK,True,True,29.211084256706297,1.1707737973116341,49.21475960333333,28.36263545556605,44.31817,39.886353,1.4,40.2566062003332,110.5851266544321,57.7243177025785,63.895091499890135,5,55.15975669851925,,0.9500492407241368,30.934207240724138
2600,0.002201214321064497,V807 KV170,G29*9.5,44.71,20997.0,5200,6782.02,OK,True,True,28.52142902328109,1.146011927668758,46.78029055555556,28.289075194099343,41.590898,37.4318082,1.3,38.69477073739474,120.51414612335917,63.11468014197484,69.2606920696436,4,45.855571552440225,,0.7897977355932871,30.773955735593287
2600,0.002201214321064497,V10 KV160,G29*9.5,45.23,25171.0,5539,6084.92,OK,True,True,24.130257673611446,0.9649219239750452,49.83000565138889,28.42745157649928,45.681806,41.113625400000004,1.5,41.765133411647994,104.3111557215506,54.566581190161315,60.53150311413636,5,55.057974024838344,,0.9482961773018679,31.075754477301867
2600,0.002201214321064497,V10 KV160,G30*10.5,44.82,27976.0,5318,6988.97,OK,True,True,21.665618732935226,0.8662297747091083,52.87782680833333,28.431959359030152,49.090896,44.1818064,1.7,44.469362899816474,96.17206262093579,49.393810554283775,55.260040328992886,5,55.63022608340753,,0.9581524142812646,31.085610714281266
2600,0.002201214321064497,V10L KV170,G29*9.5,44.53,28869.0,5888,7673.5,OK,True,True,21.094359720219348,0.8422539184283452,52.96968284444444,28.46528584854299,49.090896,44.1818064,1.7,44.52933673578923,96.43164344351186,49.41880061259896,55.261054531027305,4,45.14375821351828,,0.7775377518178646,31.158527351817863
2600,0.002201214321064497,V10L KV170,G30*10.5,44.08,31798.0,5651,8650.57,OK,True,True,19.137793014931763,0.7638537427333199,56.18890547083333,28.476104328295317,52.499986,47.2499874,1.9,47.09305891149142,91.78074224648357,45.558357003408446,51.322210746141764,4,46.51911810068216,,0.8012263917744209,31.18221599177442
2600,0.002201214321064497,VL5009 KV170,DZ17*6.2,45.6,8624.0,9665,2357.0,OK,True,False,67.12409825716924,2.750490774044368,56.74525001944445,27.73698553210202,43.636352,39.272716800000005,1.2,36.45502102304552,133.9511311867964,66.20458788681015,73.95507866085451,4,43.35633801191864,,0.7467519524049692,29.584507552404972
2600,0.002201214321064497,VL6011 KV180,P22*6.6,43.7,9992.0,7011,2364.0,OK,True,False,54.674396308201715,2.2660216787670993,43.818738315000004,27.417773385296574,34.090900000000005,30.681810000000002,1.0,32.901704243489625,72376.03810173504,18891.987246486067,18899.253268164834,0,1.4880209023903952,,0.025629067514280568,28.907477067514282
2600,0.002201214321064497,VL6013 KV210,P22*6.6,44.56,12517.0,7195,3447.0,OK,True,False,45.68051946253065,1.866326911815625,44.96873800833333,27.81713881316328,36.818172000000004,33.1363548,1.1,35.00564756997398,178.78233391290522,84.9110038291528,91.77733074096842,3,39.4740153259894,,0.6798844036561151,29.755738963656114
2600,0.002201214321064497,VL7015 KV190,P24*7.2,43.32,13839.0,6584,3266.0,OK,True,False,42.06857587476278,1.709073367277126,44.890897120000005,27.974742488162345,37.499990000000004,33.749991,1.1,35.20399125443614,180.81405218179947,84.41071998886804,91.11979335614517,3,39.64978262381013,,0.6829117481883148,30.093868548188315
2600,0.002201214321064497,VL8015 KV170,G26*8.5,43.77,14233.0,5278,3684.0,OK,True,False,39.492468727010824,1.6177034820995457,42.48389018611111,27.74133797944765,35.454536000000004,31.909082400000006,1.0,33.2900019570535,74094.44665951552,19112.711847652914,19119.329551135015,0,1.6554498966818685,,0.028512796493927975,29.593792996493928
2600,0.002201214321064497,VL8018 KV180,G26*8.5,42.48,16107.0,5657,4043.0,OK,True,False,36.536070320650374,1.4779182228228902,45.534552251388895,28.090258273977888,39.545444,35.59089960000001,1.1,35.35625285075802,182.38152068750352,82.51119013713392,88.98910835995682,3,39.389347380504326,,0.6784261173594331,30.342914217359432
2600,0.002201214321064497,VL8020 KV170,VZ28*10.8,42.11,18321.0,4964,4616.0,OK,True,False,32.839298677606145,1.3195427527209296,50.768168280000005,28.290167963322688,44.999988,40.4999892,1.4,40.154376228742784,110.02418717200588,57.146547774731005,63.46609052745193,5,54.3136124073193,,0.935475595198627,30.77633329519863
2600,0.002201214321064497,VL8022 KV170,VZ29*11,42.33,20308.0,4916,5062.0,OK,True,True,29.74245314521943,1.192885386166507,51.20831967777778,28.341515925589754,45.681806,41.113625400000004,1.4,40.229121042541216,110.43417443308438,56.6877099944774,62.88059538064391,5,54.40600449661922,,0.9370669190104425,30.88815561901044
2600,0.002201214321064497,VL1028 KV190,G29*9.5,43.31,24564.0,5638,7679.0,OK,True,True,24.739409017273232,0.9893176500305881,50.7206304138889,28.421354688248627,46.363624,41.727261600000006,1.5,41.76357342820661,104.30336354547399,54.07802461380932,60.067342263839905,4,44.68413320310662,,0.7696213573611944,31.062426157361195
2600,0.002201214321064497,VL1032 KV180,G30*10.5,43.32,29275.0,5519,8321.0,OK,True,True,20.897112694779857,0.8333687037167552,54.876405820833334,28.496257165249187,50.454532,45.40907880000001,1.8,45.875816664857666,94.01596876250066,47.588883047563385,53.42225175128014,3,35.00255401081482,,0.6028697704947075,31.226367570494705
4900,0.002054281495008604,V505 KV260,P16*5.8,47.16,7500.0,10606,1990.36,OK,True,False,89.46634200847832,3.549200321442544,58.25263598111111,28.648048212865298,41.590898,37.4318082,1.1,36.05155230558336,189.62531222492984,81.49604409459815,90.04524441604069,3,38.93673221916423,,0.6706304576954205,29.453270557695422
4900,0.002054281495008604,V505 KV261,P17*5.8,46.93,8741.0,10075,2483.87,OK,True,False,75.70858168859486,3.0033234733931193,55.33615948611112,28.649003975013933,41.590898,37.4318082,1.1,36.052700474160844,189.63739077789452,81.49747936045574,89.50080283384887,3,39.050836458928416,,0.6725957427662715,29.455235842766275
4900,0.002054281495008604,V602 KV180,V22*7.4,46.81,9749.0,5700,1989.62,No T>=D (n=1),False,False,,,,,,,,,,,,0,,,,
4900,0.002054281495008604,V605 KV210,V22*7.4,46.6,12761.0,7036,3182.62,OK,True,False,51.57709238259251,2.035791971696085,49.305289882222226,28.79342233403591,40.90908,36.818172000000004,1.1,36.234165095518684,191.55120479400432,82.33148339278381,89.3672753644799,3,39.69605430994914,,0.6837087129125003,29.752949412912503
4900,0.002054281495008604,V804 KV170,G26*8.5,46.0,16015.5,5928,4147.46,OK,True,False,42.74255680216011,1.666296026683965,47.71589636666667,29.153265817890002,40.90908,36.818172000000004,1.1,36.68623464200887,196.36073506985107,82.89659203454741,89.56288806123138,3,41.54326881662882,,0.7155243851446578,30.50126658514466
4900,0.002054281495008604,V804 KV170,G27*8.8,45.68,17271.5,5546,4837.44,OK,True,False,39.5367734578828,1.5409962378167297,46.21665434222223,29.159766972214307,39.545444,35.59089960000001,1.1,36.69394844774772,196.44331905931313,84.18337387031625,90.72437010813297,3,42.33317548532365,,0.7291294167066735,30.514871616706674
4900,0.002054281495008604,V804 KV170,G28*9.2,45.53,17357.91,5380,5177.43,OK,True,False,39.32361664728531,1.5327650343456125,46.87119962222222,29.158202575506323,40.227262,36.2045358,1.1,36.69210855080898,196.42361954943922,83.53168109307441,90.06444612742003,3,42.14308124257079,,0.7258553106952844,30.511597510695285
4900,0.002054281495008604,V807 KV170,G27*8.8,45.52,19849.0,5785,5308.27,OK,True,False,34.93784021933529,1.3547736930377765,48.20832047777778,29.313037803243805,42.272716,38.04544440000001,1.2,38.5228474165458,149.57824745424128,69.11042363967016,75.46519733270793,4,49.486993156857885,,0.85234386604275,30.836501866042752
4900,0.002054281495008604,V807 KV170,G28*9.2,45.34,20721.0,5649,5647.55,OK,True,False,33.33370226079789,1.2933491856318402,49.21475960333333,29.294134856310812,43.636352,39.272716800000005,1.3,40.07171152569353,129.2436625682487,62.35660004002212,68.64994922565396,4,47.17865217818175,,0.812585938789555,30.796743938789557
4900,0.002054281495008604,V807 KV170,G29*9.5,44.71,20997.0,5200,6782.02,OK,True,False,32.98844766369723,1.2789206127111397,46.78029055555556,29.319487026579235,41.590898,37.4318082,1.2,38.530742091769746,149.6395613375245,69.70482002857719,75.98374064128834,4,50.27488333870469,,0.8659141664544932,30.850072166454495
4900,0.002054281495008604,V10 KV160,G29*9.5,45.23,25171.0,5539,6084.92,OK,True,True,27.846743487589233,1.0748990605352315,49.83000565138889,29.451346339032334,44.999988,40.4999892,1.4,41.79931906395364,119.2232111707368,58.10827417417151,64.18317323470674,5,58.10190142239122,,1.0007235462018136,31.128181846201816
4900,0.002054281495008604,V10 KV160,G30*10.5,44.82,27976.0,5318,6988.97,OK,True,True,24.973138660898716,0.9640560300663484,52.87782680833333,29.44374247163923,48.409078,43.568170200000004,1.5,43.262831564207296,111.92649207947713,53.46536131459378,59.42941734466012,5,57.168790460993996,,0.9846520220790356,31.112110322079037
4900,0.002054281495008604,V10L KV170,G29*9.5,44.53,28869.0,5888,7673.5,OK,True,True,24.30514536562997,0.9370840302347628,52.96968284444444,29.479839982743304,48.409078,43.568170200000004,1.6,44.738161772122695,107.14008575821516,51.81771503476438,57.75479906499915,4,46.88065091959054,,0.8074532861745912,31.18844288617459
4900,0.002054281495008604,V10L KV170,G30*10.5,44.08,31798.0,5651,8650.57,OK,True,True,22.0386152967714,0.8494703247880824,56.18890547083333,29.488062322915937,51.818168,46.63635120000001,1.8,47.4647068230378,100.64115537653834,47.40676279638354,53.25623312117162,4,47.890905422288824,,0.8248534993131749,31.205843099313174
4900,0.002054281495008604,VL5009 KV170,DZ17*6.2,45.6,8624.0,9665,2357.0,OK,True,False,77.09908120051159,3.055855863604903,56.74525001944445,28.673074904898424,42.954534,38.6590806,1.1,36.2045358,191.2380634948425,80.5307769202338,88.58663278383871,3,38.72581412981703,,0.6669976902099782,29.50475329020998
4900,0.002054281495008604,VL6011 KV180,P22*6.6,43.7,9992.0,7011,2364.0,OK,True,False,63.08733996485721,2.5257971677513376,43.818738315000004,28.382813249848986,32.045446,28.840901400000003,1.0,32.045446,68657.92254615529,18404.321756365447,18411.8475535332,0,1.6586068068233784,,0.02856716983171059,28.910415169831712
4900,0.002054281495008604,VL6013 KV210,P22*6.6,44.56,12517.0,7195,3447.0,OK,True,False,50.35169237565094,2.009015461373838,44.96873800833333,28.48012015586833,36.136354000000004,32.522718600000005,1.0,34.17663114320185,78093.79358062582,19619.80570693972,19626.814722401094,0,1.92363230426545,,0.03313186133304449,29.108986421333043
4900,0.002054281495008604,VL7015 KV190,P24*7.2,43.32,13839.0,6584,3266.0,OK,True,False,46.358883034789024,1.8392889107811423,44.890897120000005,28.64144614026597,36.818172000000004,33.1363548,1.0,34.370153299722546,78980.69591770026,19729.88724911413,19736.726538024912,0,1.6686437729475587,,0.028740042458715986,29.439696842458716
4900,0.002054281495008604,VL8015 KV170,G26*8.5,43.77,14233.0,5278,3684.0,OK,True,False,45.50620482715062,1.800652263967949,42.48389018611111,28.717871674167082,34.772718000000005,31.2954462,1.0,34.461900483180074,79402.91852811463,19784.86479108373,19791.665443347698,0,1.8426674834605343,,0.03173735615145908,29.59701755615146
4900,0.002054281495008604,VL8018 KV180,G26*8.5,42.48,16107.0,5657,4043.0,OK,True,False,42.17170161886604,1.6470539557373378,45.534552251388895,29.10029051277371,38.863626000000004,34.977263400000005,1.1,36.61913650968903,195.6431149623678,84.76203388584645,91.40908784158378,3,42.153200512118296,,0.7260296008830173,30.390517700883017
4900,0.002054281495008604,VL8020 KV170,VZ28*10.8,42.11,18321.0,4964,4616.0,OK,True,False,37.48392752034143,1.4580890992350557,50.768168280000005,29.219211897806407,44.31817,39.886353,1.3,39.969725026759484,128.5866237477928,61.75207976055299,68.21016885978804,4,46.36405221468117,,0.7985555999494561,30.639413299949457
4900,0.002054281495008604,VL8022 KV170,VZ29*11,42.33,20308.0,4916,5062.0,OK,True,False,34.36584042923387,1.3302428178194388,51.20831967777778,29.27417056197558,45.681806,41.113625400000004,1.3,40.16670259531754,129.85713999426255,60.86738170751603,67.19762452533547,4,46.662321137908606,,0.8036928627113755,30.754781562711376
4900,0.002054281495008604,VL1028 KV190,G29*9.5,43.31,24564.0,5638,7679.0,OK,True,True,28.535130780039292,1.101664651311023,50.7206304138889,29.44012868225978,45.681806,41.113625400000004,1.4,41.79197819096277,119.18133845041334,57.601444469632376,63.7031091209434,4,47.125407635447424,,0.8116688764160943,31.10447367641609
4900,0.002054281495008604,VL1032 KV180,G30*10.5,43.32,29275.0,5519,8321.0,OK,True,True,23.76157009108983,0.918005909056599,54.876405820833334,29.412716202033575,50.454532,45.40907880000001,1.7,46.02063175072186,102.99882442893957,49.206029905613846,55.12403581467044,2,24.563889426033285,,0.42307845239391795,31.046576252393915
